Date, Close/Last, Volume, Open, High, Low
11/15/2019, 311.79, 62706190, 311.02, 311.84, 310.26
11/14/2019, 309.55, 52001870, 308.79, 309.64, 308.09
11/13/2019, 309.1, 54459020, 307.91, 309.54, 307.66
11/12/2019, 309, 46484620, 308.75, 309.99, 308.15
11/11/2019, 308.35, 35934910, 307.42, 308.54, 307.27
11/08/2019, 308.94, 49068800, 307.8, 309.0036, 307.03
11/07/2019, 308.18, 54272270, 308.57, 309.65, 307.66
11/06/2019, 307.1, 46487110, 307.03, 307.4, 306.06
11/05/2019, 307.03, 42933220, 307.59, 307.9195, 306.71
11/04/2019, 307.37, 60606920, 307.85, 308, 306.96
11/01/2019, 306.14, 71141520, 304.92, 306.19, 304.74
10/31/2019, 303.33, 69053790, 304.13, 304.13, 301.73
10/30/2019, 304.14, 49643930, 303.43, 304.55, 301.99
10/29/2019, 303.21, 44284920, 303, 304.23, 302.86
10/28/2019, 303.3, 42146970, 302.94, 303.85, 302.91
10/25/2019, 301.6, 45205410, 299.74, 302.2, 299.6806
10/24/2019, 300.37, 35857460, 300.91, 301.07, 299.4601
10/23/2019, 299.88, 34991830, 298.73, 299.94, 298.495
10/22/2019, 299.01, 49126040, 300.58, 300.9, 298.91
10/21/2019, 299.99, 39460900, 299.42, 300.21, 298.935
10/18/2019, 297.97, 64338030, 298.69, 299.395, 296.99
10/17/2019, 299.28, 46784890, 299.68, 300.24, 298.515
10/16/2019, 298.4, 50563600, 298.37, 299.16, 297.92
10/15/2019, 298.88, 47832360, 297.1, 299.7, 296.97
10/14/2019, 295.95, 40546670, 295.93, 296.67, 295.57
10/11/2019, 296.28, 101228600, 296.27, 298.74, 296.1448
10/10/2019, 293.24, 57255970, 291.18, 294.21, 291
10/09/2019, 291.27, 65707330, 290.75, 292.3, 288.6559
10/08/2019, 288.53, 101575500, 291.04, 291.85, 288.49
10/07/2019, 293.08, 60656560, 293.47, 295.26, 292.77
10/04/2019, 294.35, 66700680, 291.14, 294.63, 290.82
10/03/2019, 290.42, 85906800, 287.81, 290.45, 284.82
10/02/2019, 288.06, 124524000, 291.5, 291.51, 286.64
10/01/2019, 293.24, 89900420, 297.74, 298.455, 293
09/30/2019, 296.77, 52562760, 295.97, 297.55, 295.92
09/27/2019, 295.4, 84781110, 297.83, 297.9465, 293.69
09/26/2019, 297, 58722360, 297.63, 297.86, 295.45
09/25/2019, 297.62, 73434080, 295.96, 298.11, 294.33
09/24/2019, 295.87, 97367570, 299.41, 299.84, 294.81
09/23/2019, 298.21, 47541320, 297.55, 299, 297.27
09/20/2019, 298.28, 97455980, 300.36, 300.67, 297.41
09/19/2019, 301.08, 78099220, 301.53, 302.63, 300.7103
09/18/2019, 301.1, 74192090, 300.49, 301.22, 298.24
09/17/2019, 300.92, 42904430, 299.94, 301.02, 299.75
09/16/2019, 300.16, 58191180, 299.84, 301.1378, 299.45
09/13/2019, 301.09, 62104840, 301.78, 302.17, 300.68
09/12/2019, 301.29, 72908750, 301.25, 302.46, 300.41
09/11/2019, 300.25, 68821070, 298.47, 300.34, 297.75
09/10/2019, 298.13, 57947100, 297.36, 298.2, 295.97
09/09/2019, 298.2, 51260290, 299.14, 299.24, 297.16
09/06/2019, 298.05, 49584290, 298.17, 298.76, 297.42
09/05/2019, 297.82, 83356780, 296.79, 298.83, 294.001
09/04/2019, 294.04, 47003960, 293.14, 294.055, 292.31
09/03/2019, 290.74, 69231880, 290.57, 291.58, 289.27
08/30/2019, 292.45, 62961780, 294.22, 294.2399, 291.42
08/29/2019, 292.58, 57998910, 291.72, 293.16, 290.61
08/28/2019, 288.89, 59852320, 286.14, 289.07, 285.25
08/27/2019, 286.87, 68263000, 289.54, 289.95, 286.03
08/26/2019, 288, 72620600, 287.27, 288, 285.58
08/23/2019, 284.85, 149318200, 290.92, 292.76, 283.47
08/22/2019, 292.36, 51739290, 293.23, 293.93, 290.4
08/21/2019, 292.45, 49723430, 292.48, 292.86, 291.72
08/20/2019, 290.09, 51652750, 291.77, 292.36, 289.95
08/19/2019, 292.33, 53640150, 292.19, 293.08, 291.44
08/16/2019, 288.85, 85825290, 286.48, 289.33, 284.7138
08/15/2019, 284.65, 101929800, 284.88, 285.64, 282.39
08/14/2019, 283.9, 135622100, 288.07, 292.4644, 283.76
08/13/2019, 292.55, 94792970, 287.74, 294.15, 287.36
08/12/2019, 288.07, 65527630, 289.96, 291.6052, 287.02
08/09/2019, 291.62, 93729960, 292.58, 293.24, 289.65
08/08/2019, 293.62, 87713900, 289.62, 293.62, 289.01
08/07/2019, 287.97, 140572300, 284.4, 288.82, 282.04
08/06/2019, 287.8, 120711700, 285.91, 288.04, 284.28
08/05/2019, 283.82, 178745400, 288.09, 288.21, 281.72
08/02/2019, 292.62, 116749700, 293.85, 294.12, 290.9
08/01/2019, 294.84, 142646600, 297.6, 300.87, 293.96
07/31/2019, 297.43, 104245200, 300.99, 301.2, 295.2
07/30/2019, 300.72, 45849050, 299.91, 301.17, 299.49
07/29/2019, 301.46, 38126460, 301.88, 301.93, 300.85
07/26/2019, 302.01, 45084080, 300.76, 302.23, 300.62
07/25/2019, 300, 55394090, 300.94, 301, 299.11
07/24/2019, 301.44, 47213230, 299.19, 301.44, 299.09
07/23/2019, 300.03, 44657970, 299.14, 300.03, 298.22
07/22/2019, 297.9, 43687400, 297.61, 298.5, 297.04
07/19/2019, 297.17, 71081240, 300.04, 300.07, 296.96
07/18/2019, 298.83, 51701690, 297.19, 299.25, 296.7
07/17/2019, 297.74, 44102440, 299.75, 299.93, 297.74
07/16/2019, 299.71, 40567960, 300.65, 300.88, 299.44
07/15/2019, 300.75, 33910260, 301.13, 301.13, 300.19
07/12/2019, 300.65, 40354410, 299.85, 300.73, 299.51
07/11/2019, 299.31, 50889480, 299.32, 299.58, 298.2
07/10/2019, 298.61, 58595560, 298.37, 299.66, 297.78
07/09/2019, 297.19, 41101280, 295.54, 297.52, 295.48
07/08/2019, 296.82, 45841770, 297.01, 298.2579, 296.22
07/05/2019, 298.46, 51677330, 297.44, 298.64, 296.01
07/03/2019, 298.8, 40898900, 297.18, 298.82, 297.02
07/02/2019, 296.43, 61504540, 295.61, 296.49, 294.68
07/01/2019, 295.66, 79107470, 296.68, 296.92, 294.33
06/28/2019, 293, 59350930, 292.58, 293.55, 292.01
06/27/2019, 291.5, 40355240, 291.31, 292.06, 290.89
06/26/2019, 290.47, 51584900, 291.75, 292.31, 290.345
06/25/2019, 290.76, 82028660, 293.7, 293.73, 290.64
06/24/2019, 293.64, 47582730, 294.23, 294.58, 293.47
06/21/2019, 294, 83309470, 294.13, 295.52, 293.76
06/20/2019, 295.86, 116570000, 296.04, 296.3093, 293.1255
06/19/2019, 293.06, 78674380, 292.55, 293.65, 291.47
06/18/2019, 292.4, 85434820, 291.39, 293.57, 290.99
06/17/2019, 289.37, 39205710, 289.52, 290.22, 289.18
06/14/2019, 289.26, 52324720, 289.26, 289.93, 288.41
06/13/2019, 289.58, 48945160, 289.4, 289.98, 288.62
06/12/2019, 288.39, 47096310, 288.64, 289.26, 287.815
06/11/2019, 288.9, 58641330, 290.99, 291.4, 288.1805
06/10/2019, 288.97, 60799050, 289.37, 290.82, 288.8734
06/07/2019, 287.65, 74272200, 285.93, 288.85, 285.74
06/06/2019, 284.8, 69430380, 283.29, 285.55, 282.57
06/05/2019, 282.96, 71169720, 282.33, 282.99, 280.32
06/04/2019, 280.53, 77231890, 277.12, 280.68, 276.62
06/03/2019, 274.57, 96427950, 275.31, 276.5521, 273.09
05/31/2019, 275.27, 86862780, 276.2, 277.12, 275.24
05/30/2019, 279.03, 62523780, 279.11, 280.04, 277.805
05/29/2019, 278.27, 104972900, 278.91, 279.36, 276.71
05/28/2019, 280.15, 70029360, 283.09, 284.15, 280.13
05/24/2019, 282.78, 55268100, 283.74, 284.2, 282.09
05/23/2019, 282.14, 98733850, 283.16, 283.21, 280.57
05/22/2019, 285.63, 49482470, 285.45, 286.69, 285.1
05/21/2019, 286.51, 46847090, 285.83, 286.93, 285.55
05/20/2019, 283.95, 62877610, 284.06, 285.43, 283.12
05/17/2019, 285.84, 100353000, 285.14, 288.6, 285.1207
05/16/2019, 287.7, 76749640, 285.84, 289.21, 285.76
05/15/2019, 285.06, 73956410, 281.59, 285.77, 281.36
05/14/2019, 283.4, 77003230, 281.99, 285.1, 281.85
05/13/2019, 280.86, 127290500, 282.42, 283.49, 279.93
05/10/2019, 288.1, 112429300, 285.62, 288.94, 282.3
05/09/2019, 286.66, 103471100, 285.23, 287.33, 283.3
05/08/2019, 287.53, 91568290, 287.53, 289.43, 286.87
05/07/2019, 287.93, 144729900, 290.15, 290.81, 285.81
05/06/2019, 292.82, 107198100, 289.25, 293.31, 288.9
05/03/2019, 294.03, 56543650, 292.82, 294.34, 291.2998
05/02/2019, 291.18, 65030170, 291.68, 292.7, 289.52
05/01/2019, 291.81, 71671870, 294.72, 294.95, 291.8
04/30/2019, 294.02, 78594690, 293.49, 294.34, 291.92
04/29/2019, 293.87, 57043380, 293.51, 294.45, 293.41
04/26/2019, 293.41, 50868100, 292.1, 293.49, 291.2401
04/25/2019, 292.05, 57578550, 292.12, 292.78, 290.73
04/24/2019, 292.23, 49470960, 292.79, 293.16, 292.07
04/23/2019, 292.88, 52136160, 290.68, 293.14, 290.42
04/22/2019, 290.27, 39992680, 289.17, 290.435, 289.07
04/18/2019, 290.02, 68662280, 290.1, 290.32, 288.66
04/17/2019, 289.45, 58028490, 291.4, 291.425, 288.99
04/16/2019, 290.16, 52066270, 290.95, 291.01, 289.5
04/15/2019, 289.97, 49795630, 290.24, 290.35, 289.075
04/12/2019, 290.16, 69638530, 290, 290.47, 288.261
04/11/2019, 288.21, 54940520, 288.83, 288.84, 287.578
04/10/2019, 288.29, 52463390, 287.77, 288.3899, 287.31
04/09/2019, 287.31, 66072820, 287.72, 288.08, 286.7
04/08/2019, 288.79, 53462150, 288.1, 288.91, 287.37
04/05/2019, 288.57, 58454610, 287.92, 288.63, 287.6
04/04/2019, 287.18, 48868830, 286.78, 287.459, 286.01
04/03/2019, 286.42, 68027480, 287.32, 287.76, 285.75
04/02/2019, 285.97, 39939210, 286.04, 286.23, 285.09
04/01/2019, 285.83, 77289510, 284.7, 286.16, 284.4
03/29/2019, 282.48, 81882480, 282.39, 282.84, 281.14
03/28/2019, 280.71, 55987830, 280.35, 281.21, 279.07
03/27/2019, 279.65, 72092750, 281.11, 281.76, 277.93
03/26/2019, 281.12, 67884060, 280.99, 282.18, 279.56
03/25/2019, 279.04, 84898680, 278.87, 280.1853, 277.64
03/22/2019, 279.25, 122400900, 283.22, 283.8034, 279.18
03/21/2019, 284.73, 79394020, 280.64, 285.18, 280.59
03/20/2019, 281.55, 84349430, 282.16, 283.5, 280.32
03/19/2019, 282.4, 90060530, 283.51, 284.36, 281.41
03/18/2019, 282.33, 61813150, 281.55, 282.66, 281.3
03/15/2019, 281.31, 80558110, 280.54, 282.21, 280.33
03/14/2019, 281.16, 67354180, 281.37, 281.84, 280.6662
03/13/2019, 281.34, 80111580, 280.48, 282.38, 280.3
03/12/2019, 279.49, 79432230, 279.06, 280.07, 278.85
03/11/2019, 278.44, 64752480, 275.26, 278.62, 275.23
03/08/2019, 274.46, 85634780, 272.94, 274.65, 272.42
03/07/2019, 275.01, 94692650, 276.83, 276.99, 274.07
03/06/2019, 277.33, 74824560, 279.15, 279.16, 276.97
03/05/2019, 279.02, 58813100, 279.54, 279.76, 278.41
03/04/2019, 279.4, 106181700, 281.6, 281.87, 276.84
03/01/2019, 280.42, 77586110, 280.44, 280.88, 278.82
02/28/2019, 278.68, 69048080, 278.96, 279.45, 278.32
02/27/2019, 279.2, 56131350, 278.52, 279.59, 277.48
02/26/2019, 279.32, 56491990, 279.13, 280.3, 278.9
02/25/2019, 279.52, 68642630, 280.73, 281.31, 279.43
02/22/2019, 279.14, 77132070, 278.11, 279.36, 277.4029
02/21/2019, 277.42, 63984460, 277.7, 278.1, 276.345
02/20/2019, 278.41, 76479570, 277.81, 278.92, 277.25
02/19/2019, 277.85, 58802310, 276.481, 278.58, 276.47
02/15/2019, 277.37, 96744830, 276.36, 277.41, 276.13
02/14/2019, 274.38, 82409970, 273.78, 275.64, 272.87
02/13/2019, 274.99, 64930780, 275.03, 275.93, 274.56
02/12/2019, 274.1, 71990420, 272.42, 274.52, 272.34
02/11/2019, 270.62, 67807910, 271.2, 271.49, 270.03
02/08/2019, 270.47, 75742440, 268.75, 270.58, 267.83
02/07/2019, 270.14, 95030290, 270.94, 271.55, 268.29
02/06/2019, 272.74, 58009950, 272.79, 273.34, 271.92
02/05/2019, 273.1, 79447070, 272.44, 273.44, 271.88
02/04/2019, 271.96, 60610790, 270.11, 272.03, 269.36
02/01/2019, 270.06, 85738850, 270.15, 271.2, 269.18
01/31/2019, 269.93, 103347200, 267.51, 270.47, 267.27
01/30/2019, 267.58, 92069900, 265.1, 268.52, 264.25
01/29/2019, 263.41, 65024130, 263.92, 264.55, 262.48
01/28/2019, 263.76, 85027280, 263.39, 263.83, 261.79
01/25/2019, 265.78, 96838230, 265.61, 266.7, 263.6595
01/24/2019, 263.55, 58643080, 263.21, 264.2, 262.08
01/23/2019, 263.41, 84305190, 264.01, 264.79, 260.66
01/22/2019, 262.86, 115253300, 264.82, 265.06, 261.06
01/18/2019, 266.46, 124175900, 264.98, 266.98, 262.998
01/17/2019, 262.96, 94873800, 260.01, 263.92, 259.96
01/16/2019, 260.98, 77489420, 260.83, 261.9666, 260.6
01/15/2019, 260.35, 84892580, 257.82, 260.7, 257.81
01/14/2019, 257.4, 69913980, 256.86, 258.3, 256.41
01/11/2019, 258.98, 72812270, 257.68, 259.0098, 257.03
01/10/2019, 258.88, 96462500, 256.26, 259.16, 255.5
01/09/2019, 257.97, 94640560, 257.56, 258.91, 256.19
01/08/2019, 256.77, 101804900, 256.82, 257.31, 254
01/07/2019, 254.38, 102307400, 252.69, 255.95, 251.69
01/04/2019, 252.39, 142444500, 247.59, 253.11, 247.17
01/03/2019, 244.21, 142029300, 248.23, 248.57, 243.67
01/02/2019, 250.18, 126041700, 245.98, 251.21, 245.95
12/31/2018, 249.92, 143399900, 249.56, 250.19, 247.47
12/28/2018, 247.75, 152931300, 249.58, 251.4, 246.45
12/27/2018, 248.07, 184664900, 242.57, 248.29, 238.96
12/26/2018, 246.18, 217567600, 235.97, 246.18, 233.76
12/24/2018, 234.34, 147311600, 239.04, 240.8355, 234.27
12/21/2018, 240.7, 252779300, 246.74, 249.71, 239.98
12/20/2018, 247.17, 247438000, 249.86, 251.62, 244.65
12/19/2018, 251.26, 214312900, 255.17, 259.4, 249.35
12/18/2018, 255.08, 133073600, 257.2, 257.95, 253.28
12/17/2018, 255.36, 165088800, 259.4, 260.65, 253.525
12/14/2018, 260.47, 116727700, 262.96, 264.03, 259.85
12/13/2018, 265.37, 96168730, 266.52, 267.49, 264.12
12/12/2018, 265.46, 97670090, 267.47, 269, 265.37
12/11/2018, 264.13, 120632500, 267.66, 267.87, 262.48
12/10/2018, 264.07, 151022400, 263.37, 265.1613, 258.62
12/07/2018, 263.57, 160872400, 269.46, 271.22, 262.63
12/06/2018, 269.84, 203716500, 265.92, 269.97, 262.44
12/04/2018, 270.25, 176092500, 278.37, 278.85, 269.9
12/03/2018, 279.3, 102782300, 280.28, 280.4, 277.505
11/30/2018, 275.65, 95107720, 273.81, 276.28, 273.45
11/29/2018, 273.98, 81616860, 273.71, 275.55, 272.43
11/28/2018, 274.58, 127124600, 269.6, 274.58, 268.3272
11/27/2018, 268.4, 75273810, 266.34, 268.4, 265.66
11/26/2018, 267.5, 79705470, 265.78, 267.75, 265.34
11/23/2018, 263.25, 42807880, 263.18, 264.8234, 263.07
11/21/2018, 265.02, 73868530, 265.86, 267.15, 265.01
11/20/2018, 264.12, 135506200, 265.36, 267, 263.15
11/19/2018, 269.1, 102555300, 273.05, 273.38, 268.07
11/16/2018, 273.73, 126601900, 271.79, 274.75, 271.21
11/15/2018, 273.02, 134732600, 268.78, 273.54, 267.0102
11/14/2018, 270.2, 124389400, 274.16, 274.61, 268.45
11/13/2018, 272.06, 97769120, 273.09, 275.325, 271.25
11/12/2018, 272.57, 99129960, 277.19, 277.46, 271.99
11/09/2018, 277.76, 98751520, 279.03, 279.24, 276.18
11/08/2018, 280.5, 65315460, 280.11, 281.22, 279.22
11/07/2018, 281.01, 102473700, 277.56, 281.1, 277.08
11/06/2018, 275.12, 58983590, 273.32, 275.3, 273.25
11/05/2018, 273.39, 65439740, 272.44, 274.01, 271.35
11/02/2018, 271.89, 122439600, 274.75, 275.23, 269.59
11/01/2018, 273.51, 98741380, 271.6, 273.73, 270.38
10/31/2018, 270.63, 127608600, 270.65, 273.23, 270.12
10/30/2018, 267.77, 156591000, 263.67, 268.12, 263.12
10/29/2018, 263.86, 159000800, 268.8, 270.25, 259.85
10/26/2018, 265.33, 201334300, 265.92, 271, 262.29
10/25/2018, 270.08, 137407500, 267.38, 271.81, 266.23
10/24/2018, 265.32, 175529100, 273.33, 273.76, 264.7
10/23/2018, 273.61, 145303800, 270.95, 274.87, 268.61
10/22/2018, 275.01, 82135740, 277, 277.36, 274.41
10/19/2018, 276.25, 139420600, 277.13, 279.3, 275.47
10/18/2018, 276.4, 134193100, 279.4, 280.07, 274.97
10/17/2018, 280.45, 110264900, 280.44, 281.15, 277.56
10/16/2018, 280.4, 118066700, 276.6, 280.82, 276.07
10/15/2018, 274.4, 101950500, 275.55, 277.04, 274.3
10/12/2018, 275.95, 182875500, 276.77, 277.09, 272.37
10/11/2018, 272.17, 272817700, 277.08, 278.9, 270.36
10/10/2018, 278.3, 211986800, 286.83, 286.91, 277.88
10/09/2018, 287.4, 74119800, 287.39, 288.86, 286.77
10/08/2018, 287.82, 87632150, 287.05, 288.22, 285.5
10/05/2018, 287.82, 105802000, 289.69, 290.27, 286.22
10/04/2018, 289.44, 111364900, 291.18, 291.24, 287.66
10/03/2018, 291.72, 64562270, 292.74, 293.21, 291.32
10/02/2018, 291.56, 47142170, 291.56, 292.355, 291.14
10/01/2018, 291.73, 61989950, 292.11, 292.93, 290.98
09/28/2018, 290.72, 70041610, 289.99, 291.28, 289.95
09/27/2018, 290.69, 59169340, 290.41, 291.91, 290.1
09/26/2018, 289.88, 79534430, 290.91, 292.24, 289.41
09/25/2018, 290.75, 44311990, 291.53, 291.65, 290.4833
09/24/2018, 291.02, 53235550, 291.34, 291.5, 290.37
09/21/2018, 291.99, 105393700, 293.09, 293.22, 291.81
09/20/2018, 293.58, 100066700, 292.64, 293.94, 291.2363
09/19/2018, 291.22, 48973100, 290.97, 291.69, 290.825
09/18/2018, 290.91, 61839370, 289.58, 291.58, 289.55
09/17/2018, 289.34, 67988580, 290.82, 290.86, 289.03
09/14/2018, 290.88, 54931910, 291.06, 291.27, 290
09/13/2018, 290.83, 50918630, 290.32, 291.0384, 289.995
09/12/2018, 289.12, 59732730, 289.06, 289.8, 288.23
09/11/2018, 289.05, 50392160, 287.37, 289.55, 286.975
09/10/2018, 288.1, 49916740, 288.74, 289.04, 287.88
09/07/2018, 287.6, 72113310, 286.98, 288.7, 286.71
09/06/2018, 288.16, 65822170, 289.15, 289.49, 287
09/05/2018, 289.03, 71962480, 289.41, 289.64, 287.89
09/04/2018, 289.81, 57127320, 289.84, 290.21, 288.68
08/31/2018, 290.31, 65239910, 289.84, 290.81, 289.29
08/30/2018, 290.3, 61132280, 290.94, 291.36, 289.63
08/29/2018, 291.48, 61428440, 290.16, 291.74, 289.8854
08/28/2018, 289.92, 46825850, 290.3, 290.4175, 289.4
08/27/2018, 289.78, 56960210, 288.86, 289.9, 288.68
08/24/2018, 287.51, 57455140, 286.44, 287.67, 286.38
08/23/2018, 285.79, 49159070, 285.97, 286.94, 285.43
08/22/2018, 286.17, 44860080, 285.88, 286.76, 285.575
08/21/2018, 286.34, 66735600, 286.25, 287.31, 285.7135
08/20/2018, 285.67, 39617170, 285.57, 285.97, 285.06
08/17/2018, 285.06, 65486180, 283.83, 285.5601, 283.37
08/16/2018, 284.06, 69735140, 283.4, 285.04, 283.36
08/15/2018, 281.78, 102770900, 282.38, 282.54, 280.16
08/14/2018, 283.9, 43699800, 282.92, 284.17, 282.4833
08/13/2018, 282.1, 65603520, 283.47, 284.16, 281.77
08/10/2018, 283.16, 76861430, 283.45, 284.055, 282.36
08/09/2018, 285.07, 35577000, 285.53, 285.97, 284.915
08/08/2018, 285.46, 41980470, 285.39, 285.91, 284.94
08/07/2018, 285.58, 43055550, 285.39, 286.01, 285.24
08/06/2018, 284.64, 39089820, 283.64, 284.99, 283.2015
08/03/2018, 283.6, 53903840, 282.53, 283.6577, 282.33
08/02/2018, 282.39, 63362570, 279.39, 282.58, 279.16
08/01/2018, 280.86, 53750270, 281.56, 282.13, 280.1315
07/31/2018, 281.33, 68048690, 280.81, 282.02, 280.38
07/30/2018, 279.95, 63129490, 281.51, 281.69, 279.36
07/27/2018, 281.42, 76745550, 283.71, 283.82, 280.38
07/26/2018, 283.34, 57764990, 283.2, 284.11, 283.09
07/25/2018, 284.01, 78136310, 281.33, 284.37, 281.28
07/24/2018, 281.61, 67830670, 281.79, 282.56, 280.63
07/23/2018, 280.2, 46971110, 279.45, 280.43, 279.06
07/20/2018, 279.68, 83120620, 279.77, 280.48, 279.5
07/19/2018, 280, 61337540, 280.31, 280.74, 279.46
07/18/2018, 281.06, 44475860, 280.56, 281.18, 280.06
07/17/2018, 280.47, 52171530, 278.47, 280.91, 278.41
07/16/2018, 279.34, 48070320, 279.64, 279.803, 278.84
07/13/2018, 279.59, 48211510, 279.17, 279.93, 278.66
07/12/2018, 279.37, 59986150, 278.28, 279.43, 277.6
07/11/2018, 276.86, 76905490, 277.15, 278.04, 276.52
07/10/2018, 278.9, 51162450, 278.41, 279.01, 278.08
07/09/2018, 277.9, 49652160, 276.55, 277.96, 276.5
07/06/2018, 275.42, 66414600, 273.14, 275.84, 272.715
07/05/2018, 273.11, 56621680, 272.17, 273.18, 270.96
07/03/2018, 270.9, 42187070, 272.87, 272.98, 270.42
07/02/2018, 271.86, 63370550, 269.51, 272.04, 269.24
06/29/2018, 271.28, 97444490, 272.12, 273.66, 271.1495
06/28/2018, 270.89, 76511740, 269.29, 271.75, 268.49
06/27/2018, 269.35, 104838900, 272.26, 273.865, 269.18
06/26/2018, 271.6, 68525150, 271.64, 272.56, 270.79
06/25/2018, 271, 137668700, 273.44, 273.6162, 269.1
06/22/2018, 274.74, 56516380, 275.66, 275.785, 274.49
06/21/2018, 274.24, 70864990, 275.96, 275.98, 273.68
06/20/2018, 275.97, 53652060, 276.27, 276.72, 275.59
06/19/2018, 275.5, 97395160, 274, 275.75, 273.53
06/18/2018, 276.56, 52549580, 275.49, 276.7, 274.95
06/15/2018, 277.13, 119448800, 276.6, 277.51, 275.35
06/14/2018, 278.73, 76394330, 279.01, 279.33, 278.0599
06/13/2018, 278.03, 78889800, 279.19, 279.48, 277.8
06/12/2018, 278.92, 72240090, 279.03, 279.33, 278.19
06/11/2018, 278.56, 58757260, 278.44, 279.37, 278.31
06/08/2018, 278.19, 71981550, 276.85, 278.25, 276.66
06/07/2018, 277.37, 72882070, 277.95, 278.28, 276.34
06/06/2018, 277.4, 62498610, 275.79, 277.52, 275.09
06/05/2018, 275.1, 50988090, 275.05, 275.53, 274.18
06/04/2018, 274.9, 45188240, 274.53, 275.185, 274.26
06/01/2018, 273.6, 71088010, 272.41, 273.94, 272.33
05/31/2018, 270.94, 93426970, 272.15, 272.49, 270.255
05/30/2018, 272.61, 69396900, 270.5, 273.11, 270.42
05/29/2018, 269.02, 115692100, 270.31, 271.17, 267.76
05/25/2018, 272.15, 56329040, 272.15, 272.86, 271.58
05/24/2018, 272.8, 75966080, 272.91, 273.22, 270.78
05/23/2018, 273.36, 64605540, 271.17, 273.39, 270.99
05/22/2018, 272.61, 52880880, 273.96, 274.25, 272.24
05/21/2018, 273.37, 57738110, 273.01, 273.98, 271.3512
05/18/2018, 271.33, 64174990, 271.62, 272.03, 270.93
05/17/2018, 272.01, 56371150, 271.94, 273.23, 271.13
05/16/2018, 272.24, 53759700, 271.14, 272.76, 271.11
05/15/2018, 271.1, 86876380, 271.59, 271.61, 270.03
05/14/2018, 272.98, 54702570, 273.34, 274.08, 272.36
05/11/2018, 272.85, 59725680, 272.16, 273.15, 271.58
05/10/2018, 272.02, 70764000, 270.34, 272.39, 270.22
05/09/2018, 269.5, 59538590, 267.68, 269.865, 267.09
05/08/2018, 266.92, 67338050, 266.5, 267.325, 265.15
05/07/2018, 266.92, 55054350, 266.89, 268.02, 266.11
05/04/2018, 266.02, 91154240, 261.52, 266.7892, 261.15
05/03/2018, 262.62, 136144700, 262.26, 263.36, 259.05
05/02/2018, 263.2, 85501550, 264.76, 265.68, 262.76
05/01/2018, 264.98, 75986700, 263.87, 265.1, 262.11
04/30/2018, 264.51, 80475460, 267.26, 267.89, 264.43
04/27/2018, 266.56, 57021920, 267, 267.34, 265.5
04/26/2018, 266.31, 67441210, 264.79, 267.2452, 264.29
04/25/2018, 263.63, 103238300, 262.91, 264.13, 260.85
04/24/2018, 262.98, 112734000, 267.73, 267.9762, 261.28
04/23/2018, 266.57, 65463180, 267.26, 267.89, 265.35
04/20/2018, 266.61, 99469420, 268.81, 269.06, 265.61
04/19/2018, 268.89, 77570630, 269.65, 269.88, 267.72
04/18/2018, 270.39, 57073780, 270.69, 271.3, 269.87
04/17/2018, 270.19, 64011070, 269.33, 270.87, 268.75
04/16/2018, 267.33, 62762920, 267, 268.2, 266.07
04/13/2018, 265.15, 84883690, 267.41, 267.54, 264.01
04/12/2018, 265.93, 68430410, 265.26, 267, 265.06
04/11/2018, 263.76, 91002710, 263.47, 265.64, 263.39
04/10/2018, 265.15, 105267300, 264.27, 266.04, 262.98
04/09/2018, 261, 104953500, 261.37, 264.84, 259.9356
04/06/2018, 259.72, 179290700, 263.42, 265.11, 258
04/05/2018, 265.64, 80939550, 265.55, 266.64, 264.32
04/04/2018, 263.56, 123488600, 256.75, 264.355, 256.6
04/03/2018, 260.77, 119649600, 258.87, 261.31, 256.84
04/02/2018, 257.47, 185059000, 262.55, 263.13, 254.67
03/29/2018, 263.15, 123918900, 261.12, 265.26, 259.8389
03/28/2018, 259.83, 146259600, 260.75, 262.64, 258.58
03/27/2018, 260.6, 129121800, 266.17, 266.77, 258.84
03/26/2018, 265.11, 141055300, 262.13, 265.43, 259.41
03/23/2018, 258.05, 183290800, 264.17, 265.02, 257.83
03/22/2018, 263.67, 147715200, 267.91, 268.87, 263.36
03/21/2018, 270.43, 78515750, 270.9, 273.27, 270.19
03/20/2018, 270.95, 59438810, 270.94, 271.67, 270.18
03/19/2018, 270.49, 108516000, 273.35, 274.3957, 268.62
03/16/2018, 274.2, 99805450, 274.5, 275.39, 274.14
03/15/2018, 275, 80722410, 275.88, 276.61, 274.43
03/14/2018, 275.3, 105737200, 277.81, 278.02, 274.67
03/13/2018, 276.72, 89639370, 279.84, 280.41, 276.03
03/12/2018, 278.52, 71759540, 279.2, 279.91, 278.0801
03/09/2018, 278.87, 113447100, 275.7, 278.87, 275.34
03/08/2018, 274.1, 66585910, 273.55, 274.24, 272.42
03/07/2018, 272.78, 86910350, 270.42, 273.18, 270.2
03/06/2018, 272.88, 75247670, 273.3, 273.39, 271.18
03/05/2018, 272.19, 96744650, 267.73, 272.89, 267.61
03/02/2018, 269.08, 138968000, 265.8, 269.72, 264.82
03/01/2018, 267.7, 176457600, 271.41, 273.17, 266
02/28/2018, 271.65, 121488400, 275.68, 276.19, 271.29
02/27/2018, 274.43, 98302760, 278.11, 278.92, 274.36
02/26/2018, 277.9, 85166420, 275.93, 278.01, 275.26
02/23/2018, 274.71, 92045650, 271.79, 274.71, 271.25
02/22/2018, 270.4, 108484800, 271.1, 273.05, 269.64
02/21/2018, 270.05, 97671020, 271.9, 274.72, 269.94
02/20/2018, 271.4, 85431860, 272.03, 273.67, 270.5
02/16/2018, 273.11, 160341500, 272.32, 275.32, 272.27
02/15/2018, 273.03, 110226800, 271.57, 273.04, 268.77
02/14/2018, 269.59, 120406400, 264.31, 270, 264.3
02/13/2018, 266, 81055770, 263.97, 266.62, 263.31
02/12/2018, 265.34, 140752800, 263.83, 267.01, 261.6644
02/09/2018, 261.5, 283273100, 260.8, 263.61, 252.92
02/08/2018, 257.63, 244841900, 268.01, 268.17, 257.59
02/07/2018, 267.67, 166678000, 268.5, 272.36, 267.58
02/06/2018, 269.13, 353681700, 259.94, 269.7, 258.7
02/05/2018, 263.93, 292453400, 273.45, 275.85, 263.31
02/02/2018, 275.45, 172897100, 280.08, 280.23, 275.41
02/01/2018, 281.58, 89757330, 281.07, 283.06, 280.68
01/31/2018, 281.9, 118655600, 282.73, 283.3, 280.68
01/30/2018, 281.76, 131479000, 282.6, 284.736, 281.22
01/29/2018, 284.68, 89891820, 285.93, 286.43, 284.5
01/26/2018, 286.58, 107598800, 284.25, 286.6285, 283.96
01/25/2018, 283.3, 84342320, 284.16, 284.27, 282.405
01/24/2018, 283.18, 134617200, 284.02, 284.7, 281.84
01/23/2018, 283.29, 96892090, 282.74, 283.62, 282.37
01/22/2018, 282.69, 91146870, 280.17, 282.69, 280.11
01/19/2018, 280.41, 141303100, 279.8, 280.41, 279.14
01/18/2018, 279.14, 100397600, 279.48, 279.96, 278.58
01/17/2018, 279.61, 112844200, 278.03, 280.05, 276.97
01/16/2018, 276.97, 106269200, 279.35, 280.09, 276.18
01/12/2018, 277.92, 90463870, 276.42, 278.11, 276.0819
01/11/2018, 276.12, 62236650, 274.75, 276.12, 274.56
01/10/2018, 274.12, 69394220, 273.68, 274.42, 272.92
01/09/2018, 274.54, 57114650, 274.4, 275.25, 274.081
01/08/2018, 273.92, 57116850, 273.31, 274.1, 272.98
01/05/2018, 273.42, 82724160, 272.51, 273.56, 271.95
01/04/2018, 271.61, 80455860, 271.2, 272.16, 270.5447
01/03/2018, 270.47, 89133670, 268.96, 270.64, 268.96
01/02/2018, 268.77, 86408820, 267.84, 268.81, 267.4
12/29/2017, 266.86, 95651160, 268.53, 268.55, 266.64
12/28/2017, 267.87, 44797000, 267.89, 267.92, 267.45
12/27/2017, 267.32, 57677280, 267.38, 267.73, 267.01
12/26/2017, 267.19, 45106430, 267.05, 267.4377, 266.885
12/22/2017, 267.51, 78657310, 267.6, 267.635, 266.9
12/21/2017, 267.58, 65925710, 267.74, 268.385, 267.3
12/20/2017, 267.03, 76604710, 268.27, 268.33, 266.69
12/19/2017, 267.17, 78001550, 268.48, 268.53, 267.09
12/18/2017, 268.2, 83360810, 268.1, 268.6, 267.98
12/15/2017, 266.51, 142356000, 265.45, 267.04, 265.39
12/14/2017, 265.66, 99647210, 267.09, 267.22, 265.6
12/13/2017, 266.75, 102819600, 267.06, 267.56, 266.65
12/12/2017, 266.78, 84494560, 266.57, 267.32, 266.345
12/11/2017, 266.31, 82848590, 265.58, 266.38, 265.4793
12/08/2017, 265.51, 76301480, 264.99, 265.52, 264.0315
12/07/2017, 264.07, 76832360, 263.09, 264.43, 262.94
12/06/2017, 263.24, 75513050, 262.87, 263.73, 262.71
12/05/2017, 263.19, 77839930, 264.43, 265.15, 263.04
12/04/2017, 264.14, 93827280, 266.31, 266.8, 264.08
12/01/2017, 264.46, 163874800, 264.76, 265.31, 260.76
11/30/2017, 265.01, 126401000, 263.76, 266.05, 263.67
11/29/2017, 262.71, 77179920, 263.02, 263.63, 262.2
11/28/2017, 262.87, 98662580, 260.76, 262.9, 260.655
11/27/2017, 260.23, 52070370, 260.41, 260.75, 260
11/24/2017, 260.36, 27856510, 260.32, 260.48, 260.16
11/22/2017, 259.76, 44890370, 260, 260.15, 259.57
11/21/2017, 259.99, 68920380, 259.18, 260.2, 258.2627
11/20/2017, 258.3, 47835520, 258.14, 258.525, 257.86
11/17/2017, 257.86, 75679800, 258.22, 258.5882, 257.77
11/16/2017, 258.62, 67487850, 257.52, 259.04, 257.4748
11/15/2017, 256.44, 80248990, 256.62, 257.22, 255.63
11/14/2017, 257.73, 61082090, 257.41, 257.85, 256.52
11/13/2017, 258.33, 50040800, 257.31, 258.59, 257.27
11/10/2017, 258.09, 59830970, 257.73, 258.2926, 257.37
11/09/2017, 258.17, 94490930, 257.73, 258.39, 256.36
11/08/2017, 259.11, 50277640, 258.47, 259.22, 258.15
11/07/2017, 258.67, 57178400, 258.97, 259.35, 258.09
11/06/2017, 258.85, 49529150, 258.3, 259, 258.22
11/03/2017, 258.45, 59484150, 257.77, 258.5, 257.3
11/02/2017, 257.59, 56264600, 257.41, 257.75, 256.19
11/01/2017, 257.49, 54104920, 258.04, 258.43, 257.07
10/31/2017, 257.15, 59193910, 257.18, 257.44, 256.805
10/30/2017, 256.75, 54223350, 257.07, 257.6, 256.41
10/27/2017, 257.71, 85252510, 256.47, 257.89, 255.6254
10/26/2017, 255.62, 69643520, 255.99, 256.3, 255.48
10/25/2017, 255.29, 103485100, 256.18, 256.31, 254
10/24/2017, 256.56, 65036180, 256.6, 256.83, 256.15
10/23/2017, 256.11, 63838430, 257.48, 257.51, 256.02
10/20/2017, 257.11, 89064780, 256.7, 257.14, 255.7744
10/19/2017, 255.79, 61697310, 254.83, 255.83, 254.35
10/18/2017, 255.72, 40613860, 255.9, 255.95, 255.5
10/17/2017, 255.47, 31446710, 255.23, 255.52, 254.98
10/16/2017, 255.29, 38097990, 255.21, 255.51, 254.82
10/13/2017, 254.95, 55027240, 255.14, 255.27, 254.64
10/12/2017, 254.64, 46825470, 254.66, 255.06, 254.365
10/11/2017, 255.02, 47496390, 254.51, 255.02, 254.32
10/10/2017, 254.62, 42854370, 254.6, 255.05, 253.98
10/09/2017, 253.95, 35697230, 254.63, 254.7, 253.65
10/06/2017, 254.37, 80525280, 254.15, 254.7008, 253.85
10/05/2017, 254.66, 63350340, 253.54, 254.68, 253.196
10/04/2017, 253.16, 55799300, 252.69, 253.44, 252.56
10/03/2017, 252.86, 66628100, 252.46, 252.89, 252.23
10/02/2017, 252.32, 58696810, 251.49, 252.32, 251.2926
09/29/2017, 251.23, 85201140, 250.34, 251.32, 250.13
09/28/2017, 250.35, 44658490, 249.73, 250.44, 249.63
09/27/2017, 250.05, 80720860, 249.88, 250.49, 248.87
09/26/2017, 249.08, 54025690, 249.42, 249.7, 248.805
09/25/2017, 248.93, 56897290, 249.15, 249.5532, 248.08
09/22/2017, 249.44, 51187270, 249.05, 249.63, 249.02
09/21/2017, 249.39, 48070470, 249.88, 249.98, 249.185
09/20/2017, 250.06, 59451260, 250.07, 250.19, 248.92
09/19/2017, 249.97, 46977870, 250, 250.07, 249.6
09/18/2017, 249.72, 46389770, 249.61, 250.12, 249.28
09/15/2017, 249.19, 94195140, 248.69, 249.29, 248.57
09/14/2017, 250.09, 94415520, 249.8, 250.32, 249.6
09/13/2017, 250.17, 58999620, 249.72, 250.21, 249.59
09/12/2017, 250.05, 56617170, 249.63, 250.09, 249.42
09/11/2017, 249.21, 71248670, 248.04, 249.3, 248.02
09/08/2017, 246.58, 63733100, 246.54, 247.11, 246.3
09/07/2017, 246.87, 57769340, 247.25, 247.27, 246.4
09/06/2017, 246.9, 57577360, 246.84, 247.28, 246.23
09/05/2017, 246.06, 90176820, 247.26, 247.52, 244.95
09/01/2017, 247.84, 61928670, 247.92, 248.33, 247.67
08/31/2017, 247.49, 102987700, 246.72, 247.77, 246.0473
08/30/2017, 246.01, 61742150, 244.83, 246.32, 244.62
08/29/2017, 244.85, 50873040, 243.06, 245.15, 242.93
08/28/2017, 244.57, 38914700, 245.17, 245.2, 244.09
08/25/2017, 244.56, 63764770, 244.9, 245.61, 244.39
08/24/2017, 243.99, 50537170, 245, 245.18, 243.75
08/23/2017, 244.56, 49991840, 244.33, 245.05, 244.16
08/22/2017, 245.44, 62968970, 243.57, 245.62, 243.55
08/21/2017, 242.9, 65355480, 242.64, 243.2, 241.83
08/18/2017, 242.71, 136647500, 242.9, 244.189, 242.2
08/17/2017, 243.09, 127904900, 246.24, 246.6, 243.09
08/16/2017, 246.94, 56456130, 247.11, 247.57, 246.45
08/15/2017, 246.51, 55046030, 246.98, 247, 246.16
08/14/2017, 246.54, 73068140, 245.59, 246.79, 245.55
08/11/2017, 244.12, 74719460, 244.02, 244.8, 243.75
08/10/2017, 243.76, 119874200, 246.29, 246.44, 243.7
08/09/2017, 247.25, 62302650, 246.47, 247.31, 246.06
08/08/2017, 247.26, 61437080, 247.51, 248.91, 246.83
08/07/2017, 247.87, 31853630, 247.49, 247.87, 247.37
08/04/2017, 247.41, 60164150, 247.52, 247.79, 246.97
08/03/2017, 246.96, 40725660, 247.31, 247.34, 246.64
08/02/2017, 247.44, 46641310, 247.47, 247.6, 246.37
08/01/2017, 247.32, 54942570, 247.46, 247.5, 246.716
07/31/2017, 246.77, 65446360, 247.37, 247.48, 246.53
07/28/2017, 246.91, 50018870, 246.65, 247.06, 246.13
07/27/2017, 247.2, 70410610, 247.96, 248, 245.68
07/26/2017, 247.43, 47318940, 247.75, 247.79, 247.13
07/25/2017, 247.42, 54492150, 247.68, 247.8, 247.16
07/24/2017, 246.82, 46497170, 246.79, 246.98, 246.28
07/21/2017, 246.88, 88656800, 246.44, 246.91, 246.18
07/20/2017, 247.1, 46994570, 247.28, 247.42, 246.47
07/19/2017, 246.99, 50876400, 246.02, 247, 246.01
07/18/2017, 245.66, 42462230, 245.06, 245.72, 244.67
07/17/2017, 245.53, 33455300, 245.47, 245.91, 245.33
07/14/2017, 245.56, 60218150, 244.43, 245.97, 244.31
07/13/2017, 244.42, 39374380, 244.02, 244.55, 243.76
07/12/2017, 244.01, 59173800, 243.3, 244.2, 243.3
07/11/2017, 242.19, 50246650, 242.16, 242.55, 240.85
07/10/2017, 242.37, 36531030, 241.95, 242.8, 241.76
07/07/2017, 242.11, 57080980, 241.21, 242.28, 240.5645
07/06/2017, 240.55, 65968410, 241.89, 242.03, 240.34
07/05/2017, 242.77, 54252310, 242.63, 243.01, 241.7
07/03/2017, 242.21, 39153810, 242.88, 243.38, 242.21
06/30/2017, 241.8, 85199080, 242.28, 242.71, 241.575
06/29/2017, 241.35, 106617800, 243.66, 243.72, 239.955
06/28/2017, 243.49, 69904140, 242.5, 243.715, 242.23
06/27/2017, 241.33, 82144080, 243.04, 243.38, 241.31
06/26/2017, 243.29, 56556170, 243.9, 244.38, 243.045
06/23/2017, 243.13, 66839890, 242.91, 243.51, 242.47
06/22/2017, 242.84, 44068300, 242.96, 243.53, 242.64
06/21/2017, 242.95, 55784180, 243.42, 243.59, 242.41
06/20/2017, 243.01, 56516390, 244.25, 244.26, 242.99
06/19/2017, 244.66, 64836890, 243.59, 244.73, 243.48
06/16/2017, 242.64, 83932400, 242.77, 242.83, 241.6337
06/15/2017, 243.77, 66366470, 242.68, 243.91, 242.36
06/14/2017, 244.24, 78152710, 244.86, 244.87, 243.29
06/13/2017, 244.55, 59719680, 243.98, 244.61, 243.5799
06/12/2017, 243.36, 85851610, 243.13, 243.42, 242.38
06/09/2017, 243.41, 132130500, 244.09, 245.01, 241.95
06/08/2017, 243.78, 65450200, 243.77, 244.33, 243.17
06/07/2017, 243.66, 53896140, 243.6, 243.92, 242.83
06/06/2017, 243.21, 50250970, 243.34, 243.98, 243.12
06/05/2017, 243.99, 44657990, 243.97, 244.3, 243.76
06/02/2017, 244.17, 88562440, 243.42, 244.35, 243.08
06/01/2017, 243.36, 68657470, 241.97, 243.38, 241.64
05/31/2017, 241.44, 90456540, 241.84, 241.88, 240.64
05/30/2017, 241.5, 35144010, 241.34, 241.79, 241.16
05/26/2017, 241.71, 46547760, 241.54, 241.9, 241.45
05/25/2017, 241.76, 63952460, 241.2, 242.08, 240.96
05/24/2017, 240.61, 48761320, 240.32, 240.73, 239.93
05/23/2017, 240.05, 48239370, 239.95, 240.24, 239.51
05/22/2017, 239.52, 60274380, 238.9, 239.71, 238.82
05/19/2017, 238.31, 114380500, 237.33, 239.08, 237.27
05/18/2017, 236.77, 106885400, 235.73, 237.75, 235.43
05/17/2017, 235.82, 171445400, 238.1, 238.64, 235.75
05/16/2017, 240.08, 50523840, 240.64, 240.67, 239.63
05/15/2017, 240.3, 61242740, 239.47, 240.44, 239.45
05/12/2017, 238.98, 53812970, 239.09, 239.4273, 238.67
05/11/2017, 239.38, 62232520, 239.35, 239.57, 238.13
05/10/2017, 239.87, 54209350, 239.39, 239.87, 239.15
05/09/2017, 239.44, 51126000, 239.96, 240.19, 239.04
05/08/2017, 239.66, 48260110, 239.75, 239.92, 239.17
05/05/2017, 239.7, 61561740, 239.19, 239.72, 238.68
05/04/2017, 238.76, 61322410, 238.83, 238.9225, 237.78
05/03/2017, 238.48, 72846400, 238.29, 238.8775, 237.7
05/02/2017, 238.77, 57123690, 238.84, 238.98, 238.3
05/01/2017, 238.68, 66588230, 238.68, 239.17, 238.195
04/28/2017, 238.08, 63426310, 238.9, 238.93, 237.93
04/27/2017, 238.6, 57144960, 238.77, 238.95, 237.98
04/26/2017, 238.4, 84210820, 238.51, 239.53, 238.35
04/25/2017, 238.55, 75528380, 237.91, 238.95, 237.81
04/24/2017, 237.17, 119008100, 237.18, 237.41, 234.5628
04/21/2017, 234.59, 109896300, 235.25, 235.31, 234.13
04/20/2017, 235.34, 92306890, 234.15, 235.845, 233.78
04/19/2017, 233.44, 68254750, 234.52, 234.95, 233.18
04/18/2017, 233.87, 83143680, 233.72, 234.49, 233.08
04/17/2017, 234.57, 68153720, 233.11, 234.57, 232.88
04/13/2017, 232.51, 92625450, 233.64, 234.49, 232.51
04/12/2017, 234.03, 81393040, 234.74, 234.96, 233.77
04/11/2017, 235.06, 87804580, 234.9, 235.18, 233.34
04/10/2017, 235.34, 67526890, 235.36, 236.255, 234.73
04/07/2017, 235.2, 74345090, 235.15, 236, 234.64
04/06/2017, 235.44, 68962420, 234.94, 236.04, 234.425
04/05/2017, 234.78, 108227700, 236.26, 237.39, 234.54
04/04/2017, 235.48, 56303450, 235, 235.58, 234.555
04/03/2017, 235.33, 85424090, 235.8, 236.03, 233.91
03/31/2017, 235.74, 73482420, 235.9, 236.51, 235.68
03/30/2017, 236.29, 56658160, 235.47, 236.52, 235.27
03/29/2017, 235.54, 61043150, 234.99, 235.81, 234.725
03/28/2017, 235.32, 93370670, 233.27, 235.81, 233.14
03/27/2017, 233.62, 87245320, 231.93, 233.92, 231.61
03/24/2017, 233.86, 112400900, 234.38, 235.04, 232.96
03/23/2017, 234.03, 100172100, 234, 235.34, 233.6
03/22/2017, 234.28, 97233080, 233.77, 234.61, 233.05
03/21/2017, 233.73, 131204400, 237.47, 237.61, 233.58
03/20/2017, 236.77, 52529210, 237.03, 237.36, 236.32
03/17/2017, 237.03, 88284080, 237.75, 237.97, 237.03
03/16/2017, 238.48, 77761390, 239.11, 239.2, 238.1
03/15/2017, 238.95, 95071850, 237.56, 239.44, 237.29
03/14/2017, 236.9, 59838300, 237.18, 237.24, 236.19
03/13/2017, 237.81, 57058040, 237.62, 237.86, 237.24
03/10/2017, 237.69, 81757000, 237.97, 238.02, 236.59
03/09/2017, 236.86, 90332120, 236.7, 237.24, 235.74
03/08/2017, 236.56, 77619600, 237.34, 237.64, 236.4
03/07/2017, 237, 64807970, 237.36, 237.77, 236.76
03/06/2017, 237.71, 54424270, 237.5, 238.12, 237.01
03/03/2017, 238.42, 81726380, 238.17, 238.61, 237.73
03/02/2017, 238.27, 70152200, 239.56, 239.57, 238.21
03/01/2017, 239.78, 148882400, 238.39, 240.32, 238.37
02/28/2017, 236.47, 95717730, 236.67, 236.95, 236.015
02/27/2017, 237.11, 56404310, 236.64, 237.31, 236.35
02/24/2017, 236.74, 82311890, 235.46, 236.7932, 235.41
02/23/2017, 236.44, 72812210, 236.88, 236.9, 235.56
02/22/2017, 236.28, 61918630, 236.02, 236.54, 235.83
02/21/2017, 236.49, 87736380, 235.52, 236.69, 235.51
02/17/2017, 235.09, 76881310, 233.95, 235.09, 233.93
02/16/2017, 234.72, 84574430, 234.96, 235.155, 233.85
02/15/2017, 234.92, 86213560, 233.45, 235.14, 233.39
02/14/2017, 233.7, 70023470, 232.56, 233.71, 232.16
02/13/2017, 232.77, 55023690, 232.08, 233.07, 232.05
02/10/2017, 231.51, 65951540, 231, 231.77, 230.6216
02/09/2017, 230.6, 65823370, 229.56, 230.95, 229.52
02/08/2017, 229.24, 51381110, 228.61, 229.39, 228.31
02/07/2017, 228.94, 57818730, 229.38, 229.6556, 228.72
02/06/2017, 228.93, 57729810, 228.87, 229.326, 228.54
02/03/2017, 229.34, 80474030, 228.82, 229.55, 228.46
02/02/2017, 227.77, 69506430, 227.2, 228.1, 226.82
02/01/2017, 227.62, 78927270, 228.255, 228.59, 226.94
01/31/2017, 227.53, 75379530, 226.98, 227.6, 226.32
01/30/2017, 227.55, 79549380, 228.17, 228.2, 226.41
01/27/2017, 228.97, 59643600, 229.42, 229.59, 228.76
01/26/2017, 229.33, 59753620, 229.4, 229.71, 229.01
01/25/2017, 229.57, 84105490, 228.7, 229.57, 228.51
01/24/2017, 227.6, 95251650, 226.4, 228.08, 226.27
01/23/2017, 226.15, 74924440, 226.35, 226.805, 225.27
01/20/2017, 226.74, 126753400, 226.7, 227.31, 225.9719
01/19/2017, 225.91, 66166860, 226.84, 227, 225.41
01/18/2017, 226.75, 54598260, 226.535, 226.8, 225.9
01/17/2017, 226.25, 61098430, 226.31, 226.78, 225.8
01/13/2017, 227.05, 62681260, 226.73, 227.4, 226.69
01/12/2017, 226.53, 72028310, 226.5, 226.75, 224.955
01/11/2017, 227.1, 74510600, 226.36, 227.1, 225.59
01/10/2017, 226.46, 63204500, 226.48, 227.45, 226.01
01/09/2017, 226.46, 46723610, 226.91, 227.0701, 226.4163
01/06/2017, 227.21, 71356460, 226.53, 227.75, 225.9
01/05/2017, 226.4, 78291080, 226.27, 226.58, 225.48
01/04/2017, 226.58, 78458530, 225.62, 226.75, 225.61
01/03/2017, 225.24, 91087570, 225.04, 225.83, 223.8837
12/30/2016, 223.53, 108693200, 224.73, 224.83, 222.73
12/29/2016, 224.35, 48614080, 224.48, 224.89, 223.84
12/28/2016, 224.4, 64009720, 226.57, 226.59, 224.27
12/27/2016, 226.27, 42619920, 226.02, 226.73, 226
12/23/2016, 225.71, 36670460, 225.43, 225.72, 225.21
12/22/2016, 225.38, 55966720, 225.6, 225.74, 224.92
12/21/2016, 225.77, 67782110, 226.25, 226.45, 225.77
12/20/2016, 226.4, 89669640, 226.15, 226.57, 225.88
12/19/2016, 225.53, 90032620, 225.25, 226.02, 225.08
12/16/2016, 225.04, 156228600, 226.01, 226.08, 224.67
12/15/2016, 226.81, 123647300, 226.16, 227.81, 225.8904
12/14/2016, 225.88, 141538000, 227.41, 228.23, 225.365
12/13/2016, 227.76, 110247300, 227.02, 228.34, 227
12/12/2016, 226.25, 101715300, 226.4, 226.96, 225.76
12/09/2016, 226.51, 87827850, 225.41, 226.53, 225.37
12/08/2016, 225.15, 96247920, 224.57, 225.7, 224.26
12/07/2016, 224.6, 110194800, 221.52, 224.67, 221.38
12/06/2016, 221.7, 59512650, 221.22, 221.7441, 220.662
12/05/2016, 221, 67101250, 220.65, 221.4, 220.42
12/02/2016, 219.68, 74621240, 219.67, 220.25, 219.26
12/01/2016, 219.57, 78874240, 220.73, 220.73, 219.15
11/30/2016, 220.38, 112309600, 221.63, 221.82, 220.31
11/29/2016, 220.91, 69579660, 220.52, 221.44, 220.17
11/28/2016, 220.48, 76527520, 221.16, 221.48, 220.36
11/25/2016, 221.52, 37872260, 221.1, 221.56, 221.01
11/23/2016, 220.7, 56502980, 219.98, 220.76, 219.75
11/22/2016, 220.58, 67275320, 220.51, 220.79, 219.73
11/21/2016, 220.15, 72151670, 219.17, 220.18, 219
11/18/2016, 218.5, 86161200, 219.07, 219.27, 218.29
11/17/2016, 218.99, 69130300, 218.05, 219.06, 217.92
11/16/2016, 217.87, 65385810, 217.56, 218.14, 217.42
11/15/2016, 218.28, 91367180, 217.04, 218.28, 216.8
11/14/2016, 216.59, 94378460, 217.03, 217.27, 215.72
11/11/2016, 216.42, 100424400, 216.08, 216.7, 215.32
11/10/2016, 216.92, 171730900, 217.3, 218.31, 215.22
11/09/2016, 216.3792, 257961800, 212.37, 217.1, 212.34
11/08/2016, 214.11, 104838900, 212.69, 214.77, 212.38
11/07/2016, 213.15, 109397700, 211.45, 213.19, 211.3
11/04/2016, 208.55, 108488200, 208.91, 209.89, 208.38
11/03/2016, 208.78, 88715720, 209.99, 210.24, 208.46
11/02/2016, 209.74, 102709200, 210.65, 211.1, 209.23
11/01/2016, 211.01, 122395800, 212.93, 212.99, 209.6
10/31/2016, 212.55, 60669300, 212.93, 213.19, 212.36
10/28/2016, 212.54, 140491700, 213.14, 213.93, 211.71
10/27/2016, 213.17, 77031450, 214.58, 214.62, 213.08
10/26/2016, 213.74, 75561030, 213.21, 214.42, 212.93
10/25/2016, 214.17, 66356080, 214.68, 214.98, 213.98
10/24/2016, 214.89, 59934750, 215, 215.32, 214.48
10/21/2016, 213.98, 88974470, 212.96, 214.08, 212.76
10/20/2016, 213.88, 73492220, 213.87, 214.53, 213.11
10/19/2016, 214.28, 66342420, 214.02, 214.64, 213.6
10/18/2016, 213.71, 76618560, 214.24, 214.31, 213.27
10/17/2016, 212.38, 58185200, 213.09, 213.39, 212.17
10/14/2016, 213.12, 93285170, 214.15, 214.69, 213.03
10/13/2016, 213.01, 101184500, 212.16, 213.59, 211.21
10/12/2016, 213.71, 73322980, 213.59, 214.32, 213.01
10/11/2016, 213.43, 130183700, 215.66, 215.74, 212.58
10/10/2016, 216.16, 51620410, 216.155, 216.7, 215.985
10/07/2016, 215.04, 89597910, 216.1, 216.3, 214.19
10/06/2016, 215.78, 62519840, 215.37, 216.04, 214.735
10/05/2016, 215.63, 72685460, 215.41, 216.13, 215.33
10/04/2016, 214.68, 119749100, 215.91, 216.17, 213.99
10/03/2016, 215.78, 83386110, 215.82, 216.04, 215.04
09/30/2016, 216.3, 115113500, 215.65, 217.12, 215.36
09/29/2016, 214.68, 127225400, 216.4, 216.87, 214.04
09/28/2016, 216.64, 87095790, 215.83, 216.82, 214.71
09/27/2016, 215.57, 77854200, 214.05, 215.68, 213.62
09/26/2016, 214.24, 89700700, 215.02, 215.23, 214.01
09/23/2016, 215.99, 73464500, 216.72, 216.88, 215.88
09/22/2016, 217.18, 76535390, 217, 217.53, 216.71
09/21/2016, 215.82, 110068700, 214.24, 216.03, 213.44
09/20/2016, 213.42, 69217930, 214.41, 214.59, 213.38
09/19/2016, 213.41, 80099180, 214.13, 214.88, 213.03
09/16/2016, 213.37, 155109000, 213.48, 213.69, 212.57
09/15/2016, 215.28, 144092600, 212.96, 215.73, 212.75
09/14/2016, 213.15, 133064600, 213.29, 214.7, 212.5
09/13/2016, 213.23, 182323200, 214.84, 215.1499, 212.5
09/12/2016, 216.34, 167653400, 212.39, 216.81, 212.31
09/09/2016, 213.28, 220309300, 216.97, 217.03, 213.25
09/08/2016, 218.51, 73855230, 218.62, 218.94, 218.15
09/07/2016, 219.01, 76302150, 218.84, 219.22, 218.3
09/06/2016, 219.0308, 56528000, 218.7, 219.12, 217.86
09/02/2016, 218.37, 79119470, 218.39, 218.87, 217.7
09/01/2016, 217.39, 97720490, 217.37, 217.73, 216.03
08/31/2016, 217.38, 84916020, 217.61, 217.75, 216.465
08/30/2016, 218, 57588550, 218.26, 218.59, 217.35
08/29/2016, 218.3608, 70431280, 217.44, 218.665, 217.4
08/26/2016, 217.29, 122386400, 217.92, 219.12, 216.25
08/25/2016, 217.7, 69128600, 217.4, 218.19, 217.22
08/24/2016, 217.85, 71553010, 218.8, 218.91, 217.36
08/23/2016, 218.97, 53289030, 219.25, 219.6, 218.9
08/22/2016, 218.53, 61318460, 218.26, 218.8, 217.83
08/19/2016, 218.54, 75244030, 218.31, 218.75, 217.74
08/18/2016, 218.86, 52668540, 218.34, 218.9, 218.21
08/17/2016, 218.37, 74886240, 218, 218.53, 217.02
08/16/2016, 217.96, 53068810, 218.6, 218.68, 217.96
08/15/2016, 219.09, 49712550, 218.89, 219.5, 218.88
08/12/2016, 218.46, 61208890, 218.29, 218.71, 217.99
08/11/2016, 218.65, 72337050, 218.26, 218.94, 217.95
08/10/2016, 217.64, 57758740, 218.31, 218.4038, 217.23
08/09/2016, 218.18, 51073070, 218.13, 218.76, 217.8
08/08/2016, 218.05, 39681420, 218.4, 218.52, 217.74
08/05/2016, 218.18, 71799630, 217.21, 218.23, 217.07
08/04/2016, 216.4097, 46454000, 216.31, 216.78, 214.25
08/03/2016, 216.18, 53665810, 215.48, 216.245, 215.13
08/02/2016, 215.5492, 92202880, 216.65, 216.83, 214.57
08/01/2016, 216.94, 73111310, 217.19, 217.65, 216.405
07/29/2016, 217.12, 79329720, 216.46, 217.54, 216.13
07/28/2016, 216.77, 64786550, 216.29, 217.11, 215.75
07/27/2016, 216.52, 83930010, 217.19, 217.27, 215.62
07/26/2016, 216.75, 69685850, 216.53, 217.17, 215.76
07/25/2016, 216.65, 55742050, 217, 217.06, 215.97
07/22/2016, 217.24, 62676500, 216.41, 217.3, 216.1
07/21/2016, 216.265, 67610880, 216.96, 217.22, 215.75
07/20/2016, 217.085, 58004900, 216.75, 217.37, 216.24
07/19/2016, 216.19, 54247840, 215.92, 216.23, 215.63
07/18/2016, 216.4092, 58340610, 215.97, 216.6, 215.67
07/15/2016, 215.83, 103992200, 216.78, 217.0125, 215.308
07/14/2016, 216.12, 90720450, 216.4, 216.67, 215.66
07/13/2016, 214.92, 87173840, 215.44, 215.45, 214.35
07/12/2016, 214.95, 100654900, 214.53, 215.3, 213.4308
07/11/2016, 213.4, 73418870, 213.19, 214.07, 212.95
07/08/2016, 212.65, 133850900, 211.05, 212.94, 210.7785
07/07/2016, 209.526, 85409500, 209.87, 210.6495, 208.63
07/06/2016, 209.66, 95760950, 207.83, 209.8, 207.06
07/05/2016, 208.41, 109446800, 208.95, 209.08, 207.71
07/01/2016, 209.9208, 105955800, 209.36, 210.49, 209.29
06/30/2016, 209.475, 163408900, 207.21, 209.54, 206.56
06/29/2016, 206.66, 136758800, 204.84, 206.93, 204.72
06/28/2016, 203.1997, 158940500, 201.48, 203.23, 201.12
06/27/2016, 199.6, 247488400, 201.59, 201.6, 198.65
06/24/2016, 203.13, 332774500, 203.63, 210.8463, 202.72
06/23/2016, 210.81, 99651290, 209.81, 210.87, 209.27
06/22/2016, 208.1, 94503660, 208.65, 209.5, 207.93
06/21/2016, 208.44, 72259730, 208.3, 208.92, 207.78
06/20/2016, 207.85, 81546570, 208.82, 209.61, 207.75
06/17/2016, 206.52, 116531100, 207.17, 207.2, 205.75
06/16/2016, 208.37, 149194500, 206.73, 208.57, 205.59
06/15/2016, 207.75, 108745400, 208.54, 209.36, 207.53
06/14/2016, 208.04, 124789100, 208, 208.74, 206.9199
06/13/2016, 208.4492, 117376300, 209.36, 210.37, 208.35
06/10/2016, 210.07, 113245800, 210.46, 210.86, 209.43
06/09/2016, 212.08, 73672890, 211.51, 212.22, 211.19
06/08/2016, 212.37, 66060100, 211.84, 212.52, 211.6899
06/07/2016, 211.68, 60838610, 211.525, 212.34, 211.5
06/06/2016, 211.35, 64648460, 210.7, 211.77, 210.51
06/03/2016, 210.28, 101655600, 210.25, 210.69, 208.86
06/02/2016, 210.91, 62885190, 209.8, 210.93, 209.2399
06/01/2016, 210.27, 69743400, 209.12, 210.48, 208.89
05/31/2016, 209.84, 109644300, 210.56, 210.69, 209.18
05/27/2016, 210.24, 62797750, 209.53, 210.25, 209.47
05/26/2016, 209.34, 55114340, 209.44, 209.71, 208.97
05/25/2016, 209.28, 78870820, 208.67, 209.77, 207.8691
05/24/2016, 207.87, 93092790, 206.17, 208.24, 206.14
05/23/2016, 205.21, 58582750, 205.51, 205.84, 204.985
05/20/2016, 205.49, 104892400, 204.92, 206.1, 204.86
05/19/2016, 204.2, 115151900, 204.06, 204.54, 202.78
05/18/2016, 204.91, 122696600, 204.44, 206.3, 203.63
05/17/2016, 204.8508, 114246600, 206.46, 206.8, 204.23
05/16/2016, 206.78, 77216300, 204.96, 207.34, 204.89
05/13/2016, 204.76, 96387930, 206.21, 206.86, 204.38
05/12/2016, 206.56, 89316340, 207.29, 207.4899, 205.37
05/11/2016, 206.5, 81565790, 207.91, 208.54, 206.5
05/10/2016, 208.45, 77228060, 206.72, 208.5, 206.64
05/09/2016, 205.8892, 73526600, 205.57, 206.4, 205.36
05/06/2016, 205.72, 88045660, 204.06, 205.77, 203.88
05/05/2016, 204.97, 67381980, 205.56, 205.98, 204.47
05/04/2016, 205.01, 92014370, 204.99, 205.85, 204.42
05/03/2016, 206.1592, 106174100, 206.52, 206.8, 205.28
05/02/2016, 207.97, 61966240, 206.92, 208.18, 206.41
04/29/2016, 206.3308, 142309300, 206.72, 207.13, 205.03
04/28/2016, 207.4475, 96764540, 208.46, 209.76, 206.96
04/27/2016, 209.35, 77218000, 208.47, 209.81, 208.05
04/26/2016, 208.9192, 75483500, 209.04, 209.52, 208.36
04/25/2016, 208.61, 65967270, 208.26, 208.66, 207.54
04/22/2016, 208.97, 99214080, 208.55, 209.29, 207.91
04/21/2016, 208.97, 85132680, 210.12, 210.25, 208.65
04/20/2016, 210.1, 81035560, 209.95, 210.92, 209.39
04/19/2016, 209.9, 87275610, 209.74, 210.2, 208.94
04/18/2016, 209.2392, 82211220, 207.14, 209.28, 207
04/15/2016, 207.78, 75684740, 208.01, 208.1721, 207.4
04/14/2016, 208.01, 65046200, 208.07, 208.6, 207.6
04/13/2016, 208.0008, 95684760, 207, 208.1, 206.84
04/12/2016, 205.92, 114890500, 204.22, 206.25, 203.7
04/11/2016, 204.0201, 82561530, 205.25, 206.07, 203.91
04/08/2016, 204.4992, 94933720, 205.34, 205.85, 203.87
04/07/2016, 203.95, 112324600, 205.14, 205.56, 203.09
04/06/2016, 206.42, 91660050, 204.29, 206.49, 203.98
04/05/2016, 204.1892, 98648990, 204.67, 206.2642, 203.89
04/04/2016, 206.25, 62656120, 206.83, 207.07, 205.89
04/01/2016, 206.92, 113272000, 204.35, 207.14, 203.98
03/31/2016, 205.52, 94146900, 205.91, 206.41, 205.33
03/30/2016, 206.02, 85684320, 206.3, 206.87, 205.59
03/29/2016, 205.1208, 92553650, 202.76, 205.25, 202.4
03/28/2016, 203.24, 61741680, 203.61, 203.86, 202.705
03/24/2016, 203.12, 84028660, 202, 203.16, 201.74
03/23/2016, 203.2092, 80899020, 204.11, 204.33, 203.01
03/22/2016, 204.56, 96745330, 203.76, 205.23, 203.57
03/21/2016, 204.67, 72727510, 204.07, 204.94, 203.8
03/18/2016, 204.38, 135476400, 204.17, 204.78, 203.8
03/17/2016, 204.63, 133787600, 203.24, 205.23, 202.77
03/16/2016, 203.34, 128519100, 201.6, 203.82, 201.55
03/15/2016, 202.17, 92992420, 201.36, 202.5307, 201.05
03/14/2016, 202.5, 73478740, 202.16, 203.04, 201.77
03/11/2016, 202.76, 137871100, 201.26, 202.81, 199.5179
03/10/2016, 199.54, 156599200, 199.96, 201.07, 197.38
03/09/2016, 199.38, 94522340, 199.36, 199.79, 198.43
03/08/2016, 198.4, 123663900, 199.32, 199.92, 198.21
03/07/2016, 200.59, 99829000, 199.34, 201.07, 199.25
03/04/2016, 200.43, 128969300, 200.01, 201.35, 199.03
03/03/2016, 199.775, 94976900, 198.79, 199.795, 198.11
03/02/2016, 199, 102132500, 197.74, 199.06, 197.25
03/01/2016, 198.11, 141407600, 195.01, 198.21, 194.4542
02/29/2016, 193.56, 125170000, 195.11, 196.23, 193.33
02/26/2016, 195.0892, 129366900, 196.57, 196.68, 194.9
02/25/2016, 195.54, 110203000, 193.73, 195.55, 192.83
02/24/2016, 193.2, 150565000, 190.63, 193.53, 189.32
02/23/2016, 192.32, 111231000, 194, 194.32, 192.18
02/22/2016, 194.78, 103194800, 193.87, 194.95, 193.79
02/19/2016, 192, 114694400, 191.17, 192.18, 190.45
02/18/2016, 192.09, 102131000, 193.2, 193.27, 191.72
02/17/2016, 192.88, 135300500, 191.16, 193.32, 191.01
02/16/2016, 189.78, 119814000, 188.77, 189.81, 187.63
02/12/2016, 186.63, 127537400, 184.96, 186.65, 183.96
02/11/2016, 182.86, 218528800, 182.34, 184.1, 181.09
02/10/2016, 185.27, 147537200, 186.41, 188.34, 185.12
02/09/2016, 185.43, 183477200, 183.36, 186.94, 183.2
02/08/2016, 185.42, 190784300, 185.77, 186.12, 182.8
02/05/2016, 187.95, 180617400, 190.99, 191.6696, 187.2
02/04/2016, 191.6, 139293100, 190.71, 192.75, 189.96
02/03/2016, 191.3, 204711700, 191.41, 191.78, 187.1
02/02/2016, 190.16, 182289400, 191.96, 191.97, 189.54
02/01/2016, 193.65, 135772400, 192.53, 194.58, 191.84
01/29/2016, 193.7208, 210246000, 190.02, 193.88, 189.88
01/28/2016, 189.11, 143300400, 189.96, 190.2, 187.16
01/27/2016, 188.13, 184964900, 189.58, 191.56, 187.06
01/26/2016, 190.2, 139932200, 188.42, 190.53, 188.02
01/25/2016, 187.64, 129310300, 189.92, 190.15, 187.41
01/22/2016, 190.52, 168109300, 189.78, 190.76, 188.88
01/21/2016, 186.69, 195002600, 186.21, 188.87, 184.64
01/20/2016, 185.65, 285427700, 185.03, 187.495, 181.02
01/19/2016, 188.06, 193451100, 189.96, 190.11, 186.2
01/15/2016, 187.81, 323965200, 186.77, 188.76, 185.52
01/14/2016, 191.93, 239613400, 189.55, 193.26, 187.66
01/13/2016, 188.83, 220641200, 194.45, 194.86, 188.38
01/12/2016, 193.6608, 170946400, 193.82, 194.55, 191.14
01/11/2016, 192.11, 187405200, 193.01, 193.41, 189.82
01/08/2016, 191.923, 209524400, 195.19, 195.85, 191.58
01/07/2016, 194.05, 212565100, 195.33, 197.44, 193.59
01/06/2016, 198.82, 151636700, 198.34, 200.06, 197.6
01/05/2016, 201.36, 110381200, 201.4, 201.9, 200.05
01/04/2016, 201.0192, 221450500, 200.49, 201.03, 198.59
12/31/2015, 203.87, 114819400, 205.13, 205.89, 203.87
12/30/2015, 205.93, 63232390, 207.11, 207.21, 205.76
12/29/2015, 207.4, 92411310, 206.51, 207.79, 206.47
12/28/2015, 205.21, 65727270, 204.86, 205.26, 203.94
12/24/2015, 205.68, 48542150, 205.72, 206.33, 205.42
12/23/2015, 206.02, 110819800, 204.69, 206.07, 204.58
12/22/2015, 203.5, 110436800, 202.715, 203.85, 201.55
12/21/2015, 201.67, 98751110, 201.41, 201.88, 200.09
12/18/2015, 200.0208, 250946400, 202.77, 202.93, 199.83
12/17/2015, 204.86, 172358700, 208.4, 208.48, 204.84
12/16/2015, 208.03, 196380400, 206.365, 208.39, 204.8
12/15/2015, 205.0308, 153713000, 204.7, 206.11, 202.8666
12/14/2015, 202.9008, 181638100, 202.07, 203.05, 199.95
12/11/2015, 201.88, 210983700, 203.35, 204.14, 201.51
12/10/2015, 205.87, 115879700, 205.42, 207.43, 205.14
12/09/2015, 205.34, 161939100, 206.19, 208.68, 204.18
12/08/2015, 206.949, 103090300, 206.49, 208.289, 205.78
12/07/2015, 208.35, 101674200, 209.23, 209.7295, 207.2
12/04/2015, 209.62, 192874200, 206.08, 209.97, 205.93
12/03/2015, 205.61, 165756900, 208.83, 209.15, 204.7511
12/02/2015, 208.529, 108139300, 210.615, 211, 208.23
12/01/2015, 210.68, 97501880, 209.44, 210.82, 209.11
11/30/2015, 208.69, 111785700, 209.75, 209.89, 208.56
11/27/2015, 209.56, 37317780, 209.43, 209.8, 208.86
11/25/2015, 209.32, 51822520, 209.5, 209.74, 209.01
11/24/2015, 209.35, 98705990, 207.87, 209.83, 207.41
11/23/2015, 209.07, 64789800, 209.38, 209.98, 208.52
11/20/2015, 209.3108, 93821880, 209.45, 210.12, 208.86
11/19/2015, 208.55, 87841400, 208.59, 209.05, 208.2
11/18/2015, 208.73, 121128300, 206.04, 208.9, 205.99
11/17/2015, 205.47, 120836000, 205.99, 207.04, 204.88
11/16/2015, 205.62, 117342200, 202.32, 205.69, 202.18
11/13/2015, 202.54, 152793300, 204.35, 204.67, 202.435
11/12/2015, 204.84, 120950900, 206.5, 207.06, 204.82
11/11/2015, 207.74, 67716950, 208.88, 208.94, 207.66
11/10/2015, 208.56, 75769150, 207.51, 208.6, 207.19
11/09/2015, 208.08, 130856000, 209.31, 209.49, 206.95
11/06/2015, 210.04, 110389000, 209.74, 210.32, 208.46
11/05/2015, 210.15, 78166140, 210.43, 210.98, 209.09
11/04/2015, 210.36, 95668530, 211.35, 211.5, 209.7201
11/03/2015, 211, 95133060, 209.97, 211.66, 209.7
11/02/2015, 210.39, 86052980, 208.32, 210.62, 208.17
10/30/2015, 207.93, 131012600, 209.06, 209.44, 207.74
10/29/2015, 208.83, 90191780, 208.35, 209.27, 208.21
10/28/2015, 208.95, 135620300, 207, 208.98, 206.21
10/27/2015, 206.6, 77709730, 206.2, 207, 205.79
10/26/2015, 207, 68281240, 207.3, 207.37, 206.56
10/23/2015, 207.51, 144366100, 207.25, 207.95, 206.3
10/22/2015, 205.26, 174152100, 202.98, 205.51, 201.85
10/21/2015, 201.85, 101841800, 203.61, 203.79, 201.65
10/20/2015, 203.09, 78214510, 202.85, 203.84, 202.5471
10/19/2015, 203.37, 76365770, 202.5, 203.37, 202.13
10/16/2015, 203.27, 114037700, 202.83, 203.29, 201.92
10/15/2015, 202.35, 133837900, 200.08, 202.36, 199.64
10/14/2015, 199.29, 98864500, 200.18, 200.87, 198.94
10/13/2015, 200.25, 87873100, 200.65, 202.16, 200.05
10/12/2015, 201.52, 56154070, 201.42, 201.76, 200.91
10/09/2015, 201.33, 106392100, 201.38, 201.9, 200.58
10/08/2015, 201.21, 151731000, 198.95, 201.55, 198.59
10/07/2015, 199.41, 123927900, 198.9, 199.825, 197.48
10/06/2015, 197.79, 109924000, 198.31, 198.98, 197
10/05/2015, 198.47, 125618900, 196.46, 198.74, 196.33
10/02/2015, 195, 209995600, 189.77, 195.03, 189.12
10/01/2015, 192.13, 130248900, 192.08, 192.49, 189.82
09/30/2015, 191.63, 162862400, 190.37, 191.825, 189.44
09/29/2015, 188.12, 158394800, 188.27, 189.74, 186.93
09/28/2015, 188.01, 176317600, 191.78, 191.91, 187.64
09/25/2015, 192.85, 154595000, 194.64, 195, 191.81
09/24/2015, 192.9, 158490600, 192.15, 193.45, 190.56
09/23/2015, 193.6, 92548910, 194.11, 194.67, 192.91
09/22/2015, 193.91, 153492000, 193.88, 194.46, 192.56
09/21/2015, 196.46, 105229400, 196.44, 197.68, 195.21
09/18/2015, 195.45, 222607600, 195.71, 198.6844, 194.96
09/17/2015, 199.73, 275634900, 200.02, 202.89, 199.28
09/16/2015, 200.18, 99206800, 198.82, 200.41, 198.41
09/15/2015, 198.46, 112339400, 196.61, 198.99, 195.9612
09/14/2015, 196.01, 79365650, 196.95, 197.01, 195.43
09/11/2015, 196.74, 119507200, 195.375, 196.82, 194.53
09/10/2015, 195.85, 158318900, 194.56, 197.22, 194.25
09/09/2015, 194.79, 147649100, 199.32, 199.47, 194.35
09/08/2015, 197.43, 115807000, 195.94, 197.61, 195.17
09/04/2015, 192.59, 204620400, 192.85, 193.86, 191.61
09/03/2015, 195.55, 151957000, 196.26, 198.05, 194.96
09/02/2015, 195.41, 159445200, 194.62, 195.46, 192.42
09/01/2015, 191.77, 253561300, 193.12, 194.77, 190.73
08/31/2015, 197.67, 160296200, 198.11, 199.125, 197.01
08/28/2015, 199.28, 160338700, 198.5, 199.835, 197.92
08/27/2015, 199.27, 273700600, 197.02, 199.42, 195.21
08/26/2015, 194.46, 338718200, 192.08, 194.79, 188.37
08/25/2015, 187.27, 367623500, 195.43, 195.45, 186.92
08/24/2015, 189.5, 506257800, 187.49, 197.4772, 182.4
08/21/2015, 197.63, 343611100, 201.73, 203.9404, 197.52
08/20/2015, 203.97, 193680300, 206.51, 208.2865, 203.9
08/19/2015, 208.32, 172781100, 209.09, 210.01, 207.35
08/18/2015, 209.98, 71661990, 210.26, 210.68, 209.699
08/17/2015, 210.59, 78915420, 208.71, 210.59, 208.16
08/14/2015, 209.42, 72570710, 208.43, 209.5087, 208.26
08/13/2015, 208.66, 89169630, 208.73, 209.55, 208.01
08/12/2015, 208.92, 171911200, 207.11, 209.14, 205.36
08/11/2015, 208.67, 125935000, 208.97, 209.47, 207.76
08/10/2015, 210.57, 79681690, 209.28, 210.67, 209.28
08/07/2015, 207.95, 117703500, 208.16, 208.34, 206.87
08/06/2015, 208.35, 110243400, 210.29, 210.415, 207.65
08/05/2015, 210.07, 85589800, 210.45, 211.31, 209.73
08/04/2015, 209.38, 81526350, 209.7, 210.2483, 208.8
08/03/2015, 209.79, 113432300, 210.46, 210.53, 208.65
07/31/2015, 210.5, 102661200, 211.42, 211.45, 210.16
07/30/2015, 210.82, 91218060, 210.16, 211.02, 209.42
07/29/2015, 210.77, 104940200, 209.48, 211.04, 209.31
07/28/2015, 209.33, 122370300, 207.79, 209.5, 206.8
07/27/2015, 206.79, 130669700, 206.94, 207.55, 206.26
07/24/2015, 208, 117558700, 210.3, 210.37, 207.6
07/23/2015, 210.18, 90364920, 211.53, 211.65, 209.75
07/22/2015, 211.37, 88346410, 210.93, 211.77, 210.89
07/21/2015, 211.75, 77743460, 212.43, 212.74, 211.39
07/20/2015, 212.59, 70280430, 212.75, 213.18, 212.21
07/17/2015, 212.48, 88094480, 212.29, 212.55, 211.8
07/16/2015, 212.3, 105988600, 211.87, 212.3, 211.58
07/15/2015, 210.61, 97532900, 210.73, 211.28, 210.04
07/14/2015, 210.68, 81287840, 209.72, 211.05, 209.65
07/13/2015, 209.77, 105721800, 208.99, 209.9, 208.94
07/10/2015, 207.48, 129124200, 207.29, 207.98, 204.9517
07/09/2015, 204.9, 141251300, 207.04, 207.35, 204.77
07/08/2015, 204.53, 163538700, 206.45, 206.7645, 204.25
07/07/2015, 208.02, 173452600, 206.96, 208.17, 204.11
07/06/2015, 206.72, 117560100, 205.77, 207.65, 205.53
07/02/2015, 207.31, 104256300, 208.07, 208.27, 206.81
07/01/2015, 207.5, 134195600, 207.73, 208.03, 206.56
06/30/2015, 205.85, 182761900, 207.26, 207.32, 205.28
06/29/2015, 205.42, 194187600, 208.045, 209.828, 205.33
06/26/2015, 209.82, 103470400, 210.29, 210.58, 209.16
06/25/2015, 209.86, 97026210, 211.1, 211.25, 209.77
06/24/2015, 210.5, 92151530, 211.72, 212.17, 210.47
06/23/2015, 212.04, 68053640, 212.14, 212.44, 211.57
06/22/2015, 211.89, 70514900, 211.905, 212.59, 211.64
06/19/2015, 210.81, 130219500, 211.46, 211.55, 210.36
06/18/2015, 212.78, 164892200, 211.31, 213.34, 210.6315
06/17/2015, 210.59, 126642800, 210.59, 211.32, 209.36
06/16/2015, 210.25, 85152890, 208.93, 210.35, 208.72
06/15/2015, 209.11, 124240100, 208.64, 209.45, 207.79
06/12/2015, 210.01, 135327800, 210.64, 211.482, 209.68
06/11/2015, 211.63, 73755850, 211.48, 212.09, 211.2
06/10/2015, 210.95, 133678600, 209.37, 211.41, 209.2987
06/09/2015, 208.45, 104826800, 208.45, 209.1, 207.69
06/08/2015, 208.48, 88866040, 209.64, 209.82, 208.39
06/05/2015, 209.77, 121669100, 209.95, 210.58, 208.98
06/04/2015, 210.1292, 151747400, 211.07, 211.859, 209.75
06/03/2015, 211.92, 87704660, 212, 212.67, 211.3301
06/02/2015, 211.36, 91438580, 211.02, 212.19, 210.27
06/01/2015, 211.57, 93171140, 211.94, 212.34, 210.62
05/29/2015, 211.14, 123383800, 212.38, 212.43, 210.82
05/28/2015, 212.46, 74855480, 212.33, 212.59, 211.63
05/27/2015, 212.7, 92949380, 211.25, 212.98, 210.7612
05/26/2015, 210.7, 124074500, 212.4, 212.9089, 210.2
05/22/2015, 212.99, 57367260, 213.04, 213.54, 212.91
05/21/2015, 213.5, 64544870, 212.71, 213.75, 212.51
05/20/2015, 212.88, 76542810, 213.15, 213.78, 212.504
05/19/2015, 213.03, 72041550, 213.24, 213.57, 212.69
05/18/2015, 213.1, 74382800, 212.24, 213.4, 212.16
05/15/2015, 212.44, 76393990, 212.44, 212.61, 211.86
05/14/2015, 212.21, 95825920, 211.24, 212.32, 210.91
05/13/2015, 210.02, 94544280, 210.47, 211.22, 209.74
05/12/2015, 209.98, 119647000, 209.61, 210.63, 208.62
05/11/2015, 210.605, 75465110, 211.57, 211.89, 210.52
05/08/2015, 211.62, 156207000, 210.88, 211.86, 210.78
05/07/2015, 208.87, 88018400, 207.92, 209.38, 207.52
05/06/2015, 208.04, 135438200, 209.56, 209.93, 206.76
05/05/2015, 208.9, 113182500, 211.03, 211.46, 208.73
05/04/2015, 211.32, 70813860, 211.23, 212.02, 211.1
05/01/2015, 210.72, 103245100, 209.4, 210.77, 209.28
04/30/2015, 208.46, 160666400, 209.88, 210.35, 207.62
04/29/2015, 210.57, 125567200, 210.37, 211.29, 209.6
04/28/2015, 211.44, 86758030, 210.74, 211.5, 209.3301
04/27/2015, 210.77, 79107250, 212.33, 212.48, 210.54
04/24/2015, 211.6499, 61224640, 211.66, 211.97, 211.11
04/23/2015, 211.16, 102247700, 210.15, 211.94, 210.01
04/22/2015, 210.63, 78047720, 210.01, 210.85, 208.9
04/21/2015, 209.6, 71355280, 210.67, 210.86, 209.24
04/20/2015, 209.85, 92026870, 209.06, 210.25, 208.96
04/17/2015, 207.95, 191012500, 208.94, 209.23, 207.01
04/16/2015, 210.37, 68783390, 210.03, 210.98, 209.7928
04/15/2015, 210.43, 99415800, 210.05, 211.04, 209.95
04/14/2015, 209.49, 74795430, 208.85, 209.71, 208.1
04/13/2015, 209.09, 74139030, 209.87, 210.63, 209.03
04/10/2015, 210.04, 72471010, 209.2, 210.09, 208.96
04/09/2015, 208.9, 85426740, 207.78, 209.18, 207.19
04/08/2015, 207.975, 89261180, 207.55, 208.51, 207.08
04/07/2015, 207.28, 81058840, 207.855, 208.76, 207.24
04/06/2015, 207.83, 113960800, 205.37, 208.45, 205.21
04/02/2015, 206.435, 86817710, 205.62, 206.98, 205.4
04/01/2015, 205.7, 137055500, 206.39, 206.42, 204.51
03/31/2015, 206.43, 126569200, 207.26, 208.1, 206.36
03/30/2015, 208.25, 95986750, 206.98, 208.61, 206.96
03/27/2015, 205.74, 117057900, 205.13, 205.95, 204.9
03/26/2015, 205.27, 152909900, 204.96, 206.37, 204.12
03/25/2015, 205.76, 159285600, 209.07, 209.35, 205.71
03/24/2015, 208.82, 76947650, 209.85, 210.4, 208.74
03/23/2015, 210, 71619060, 210.42, 211.11, 210
03/20/2015, 210.41, 177517400, 209.71, 211.02, 209.4903
03/19/2015, 209.5, 117697000, 209.96, 210.4697, 209.03
03/18/2015, 210.46, 227287200, 207.39, 211.27, 206.62
03/17/2015, 207.96, 94322500, 207.69, 208.42, 206.98
03/16/2015, 208.58, 135571800, 206.71, 208.69, 205.8641
03/13/2015, 205.8272, 162353900, 206.77, 207.9338, 204.58
03/12/2015, 207.1, 93451320, 205.26, 207.175, 205.2
03/11/2015, 204.5, 109058000, 205.29, 205.5, 204.4
03/10/2015, 204.98, 156656000, 206.71, 206.81, 204.93
03/09/2015, 208.36, 89621890, 207.74, 208.79, 207.5459
03/06/2015, 207.5, 186468600, 209.42, 209.94, 207.1
03/05/2015, 210.46, 76825940, 210.62, 210.8, 209.85
03/04/2015, 210.2301, 114257600, 210.4, 210.49, 209.06
03/03/2015, 211.12, 110141700, 211.47, 212.054, 210.08
03/02/2015, 211.99, 87300760, 210.78, 212.06, 210.72
02/27/2015, 210.66, 107946400, 211.26, 211.58, 210.6
02/26/2015, 211.38, 72577040, 211.52, 211.71, 210.65
02/25/2015, 211.63, 72874810, 211.66, 212.24, 211.22
02/24/2015, 211.81, 72214030, 211.12, 212.05, 210.76
02/23/2015, 211.209, 74250690, 210.94, 211.21, 210.48
02/20/2015, 211.239, 140029800, 209.48, 211.33, 208.73
02/19/2015, 209.98, 91364150, 209.41, 210.42, 209.24
02/18/2015, 210.13, 80057400, 209.66, 210.22, 209.3401
02/17/2015, 210.11, 76888670, 209.4, 210.32, 209.1
02/13/2015, 209.78, 93553960, 209.07, 209.84, 208.76
02/12/2015, 208.92, 97202820, 207.89, 208.99, 206.9727
02/11/2015, 206.93, 90268410, 206.61, 207.45, 205.83
02/10/2015, 206.81, 95999260, 205.88, 207.12, 204.6801
02/09/2015, 204.63, 87074270, 204.77, 205.64, 204.135
02/06/2015, 205.55, 125550800, 206.56, 207.24, 204.92
02/05/2015, 206.12, 97236260, 204.86, 206.3, 204.77
02/04/2015, 204.06, 132933500, 203.92, 205.38, 203.51
02/03/2015, 204.84, 123861500, 203, 204.85, 202.55
02/02/2015, 201.92, 162649000, 200.05, 202.03, 197.86
01/30/2015, 199.45, 193789000, 200.57, 202.17, 199.13
01/29/2015, 201.9902, 173293000, 200.38, 202.3, 198.68
01/28/2015, 200.14, 167681700, 204.17, 204.29, 199.91
01/27/2015, 202.74, 133590500, 202.97, 204.12, 201.74
01/26/2015, 205.45, 91684840, 204.71, 205.56, 203.85
01/23/2015, 204.97, 117356900, 205.79, 206.1, 204.81
01/22/2015, 206.1, 173536400, 203.99, 206.26, 202.33
01/21/2015, 203.08, 122729500, 201.5, 203.66, 200.94
01/20/2015, 202.055, 130756800, 202.4, 202.72, 200.17
01/16/2015, 201.63, 211677200, 198.77, 201.82, 198.55
01/15/2015, 199.0199, 175383200, 201.63, 202.01, 198.88
01/14/2015, 200.86, 192551700, 199.65, 201.1, 198.57
01/13/2015, 202.08, 214341100, 204.12, 205.48, 200.51
01/12/2015, 202.65, 144043100, 204.41, 204.6, 201.92
01/09/2015, 204.25, 157293400, 206.4, 206.42, 203.51
01/08/2015, 205.9, 146039400, 204.01, 206.16, 203.99
01/07/2015, 202.31, 125069700, 201.42, 202.72, 200.88
01/06/2015, 199.82, 208922400, 202.09, 202.72, 198.855
01/05/2015, 201.72, 169139200, 204.17, 204.37, 201.35
01/02/2015, 205.43, 121394000, 206.38, 206.88, 204.18
12/31/2014, 205.54, 130284300, 207.99, 208.19, 205.39
12/30/2014, 207.6, 73448190, 208.21, 208.37, 207.51
12/29/2014, 208.72, 79514380, 208.22, 208.97, 208.14
12/26/2014, 208.44, 57204150, 208.31, 208.85, 208.25
12/24/2014, 207.77, 42963400, 208.02, 208.34, 207.72
12/23/2014, 207.75, 120516200, 208.17, 208.23, 207.3991
12/22/2014, 207.47, 147884900, 206.75, 207.47, 206.46
12/19/2014, 206.52, 242836400, 206.43, 207.33, 205.6109
12/18/2014, 206.78, 256909600, 204.74, 212.97, 203.92
12/17/2014, 201.79, 252458700, 198.44, 202.34, 198.29
12/16/2014, 197.91, 258867900, 198.58, 202.395, 197.86
12/15/2014, 199.51, 188920400, 201.98, 202.53, 198.78
12/12/2014, 200.89, 201983200, 202.64, 203.819, 200.85
12/11/2014, 204.19, 158542800, 203.88, 206.19, 203.71
12/10/2014, 203.1601, 159140400, 205.91, 205.98, 202.93
12/09/2014, 206.47, 125033900, 204.37, 206.6, 203.91
12/08/2014, 206.61, 108460400, 207.52, 208.12, 205.93
12/05/2014, 208, 90978050, 207.87, 208.47, 207.55
12/04/2014, 207.66, 91222700, 207.54, 208.265, 206.7
12/03/2014, 207.89, 68869870, 207.3, 208.15, 207.1
12/02/2014, 207.085, 74435510, 205.81, 207.34, 205.782
12/01/2014, 205.76, 103711100, 206.4, 206.54, 205.38
11/28/2014, 207.2, 57890090, 207.49, 207.87, 206.91
11/26/2014, 207.64, 61927210, 207.29, 207.76, 207.03
11/25/2014, 207.11, 79013710, 207.54, 207.79, 206.8
11/24/2014, 207.26, 65635340, 207.17, 207.39, 206.91
11/21/2014, 206.68, 142105400, 207.64, 207.8445, 205.98
11/20/2014, 205.58, 72498660, 204.26, 205.71, 204.18
11/19/2014, 205.22, 82226470, 205.31, 205.55, 204.3
11/18/2014, 205.55, 75858730, 204.44, 205.92, 204.44
11/17/2014, 204.37, 80373860, 203.85, 204.58, 203.65
